active,role,signUpSource,state,_id,createdDate,lastLogin
TRUE,consumer,Email,WI,5ff1e194b6a9d73a3a9f1052,1.60969E+12,1.60969E+12
TRUE,consumer,Email,WI,5ff1e194b6a9d73a3a9f1052,1.60969E+12,1.60969E+12
TRUE,consumer,Email,WI,5ff1e194b6a9d73a3a9f1052,1.60969E+12,1.60969E+12
TRUE,consumer,Email,WI,5ff1e1eacfcf6c399c274ae6,1.60969E+12,1.60969E+12
TRUE,consumer,Email,WI,5ff1e194b6a9d73a3a9f1052,1.60969E+12,1.60969E+12
TRUE,consumer,Email,WI,5ff1e194b6a9d73a3a9f1052,1.60969E+12,1.60969E+12
TRUE,consumer,Email,WI,5ff1e1e8cfcf6c399c274ad9,1.60969E+12,1.60969E+12
TRUE,consumer,Email,WI,5ff1e1b7cfcf6c399c274a5a,1.60969E+12,1.60969E+12
TRUE,consumer,Email,WI,5ff1e194b6a9d73a3a9f1052,1.60969E+12,1.60969E+12
TRUE,consumer,Email,WI,5ff1e1f1cfcf6c399c274b0b,1.60969E+12,1.60969E+12
TRUE,consumer,Email,WI,5ff1e194b6a9d73a3a9f1052,1.60969E+12,1.60969E+12
TRUE,consumer,Email,WI,5ff1e1eacfcf6c399c274ae6,1.60969E+12,1.60969E+12
TRUE,consumer,Email,WI,5ff1e194b6a9d73a3a9f1052,1.60969E+12,1.60969E+12
TRUE,consumer,Email,WI,5ff1e1eacfcf6c399c274ae6,1.60969E+12,1.60969E+12
TRUE,consumer,Email,WI,5ff1e194b6a9d73a3a9f1052,1.60969E+12,1.60969E+12
TRUE,consumer,Email,WI,5ff1e194b6a9d73a3a9f1052,1.60969E+12,1.60969E+12
TRUE,consumer,Email,WI,5ff1e1e4cfcf6c399c274ac3,1.60969E+12,1.60969E+12
TRUE,consumer,Email,WI,5ff1e1b4cfcf6c399c274a54,1.60969E+12,1.60969E+12
TRUE,consumer,Email,WI,5ff1e1eacfcf6c399c274ae6,1.60969E+12,1.60969E+12
TRUE,consumer,Email,WI,5ff1e194b6a9d73a3a9f1052,1.60969E+12,1.60969E+12
TRUE,consumer,Email,WI,5ff370c562fde912123a5e0e,1.60979E+12,1.60979E+12
TRUE,consumer,Email,WI,5ff36d0362fde912123a5535,1.60979E+12,1.60979E+12
TRUE,consumer,Email,WI,5ff36d83135e7011bcb864d6,1.60979E+12,1.60979E+12
TRUE,consumer,Email,WI,5ff36c8862fde912123a538a,1.60979E+12,1.60979E+12
TRUE,consumer,Email,WI,5ff370c562fde912123a5e0e,1.60979E+12,1.60979E+12
TRUE,consumer,Email,WI,5ff36be7135e7011bcb856d3,1.60979E+12,1.60979E+12
TRUE,consumer,Email,WI,5ff36d0362fde912123a5535,1.60979E+12,1.60979E+12
TRUE,consumer,Email,WI,5ff36be7135e7011bcb856d3,1.60979E+12,1.60979E+12
TRUE,consumer,Email,WI,5ff36a3862fde912123a4460,1.60979E+12,1.60979E+12
TRUE,consumer,Email,WI,5ff36d0362fde912123a5535,1.60979E+12,1.60979E+12
TRUE,consumer,Email,WI,5ff36c8e135e7011bcb85da4,1.60979E+12,1.60979E+12
TRUE,consumer,Email,WI,5ff36a3862fde912123a4460,1.60979E+12,1.60979E+12
TRUE,consumer,Email,WI,5ff370c562fde912123a5e0e,1.60979E+12,1.60979E+12
TRUE,consumer,Email,WI,5ff36a3862fde912123a4460,1.60979E+12,1.60979E+12
TRUE,consumer,Email,WI,5ff36a3862fde912123a4460,1.60979E+12,1.60979E+12
TRUE,consumer,Email,WI,5ff370c562fde912123a5e0e,1.60979E+12,1.60979E+12
TRUE,consumer,Email,WI,5ff36a3862fde912123a4460,1.60979E+12,1.60979E+12
TRUE,consumer,Email,WI,5ff370c562fde912123a5e0e,1.60979E+12,1.60979E+12
TRUE,consumer,Email,WI,5ff3711e62fde912123a620e,1.60979E+12,1.60979E+12
TRUE,consumer,Email,WI,5ff36be7135e7011bcb856d3,1.60979E+12,1.60979E+12
TRUE,consumer,Email,WI,5ff4ce33c3d63511e2a484b6,1.60988E+12,1.60988E+12
TRUE,consumer,Email,WI,5ff473e7c1e2d0121a9b2697,1.60986E+12,1.60986E+12
TRUE,consumer,Email,WI,5ff47392c3d63511e2a47881,1.60986E+12,1.60986E+12
TRUE,consumer,Email,WI,5ff47392c3d63511e2a47881,1.60986E+12,1.60986E+12
TRUE,consumer,Email,WI,5ff4ce33c3d63511e2a484b6,1.60988E+12,1.60988E+12
TRUE,consumer,Email,WI,5ff4ce91c1e2d0121a9b3057,1.60988E+12,1.60988E+12
TRUE,consumer,Email,WI,5ff47392c3d63511e2a47881,1.60986E+12,1.60986E+12
TRUE,consumer,Email,WI,5ff4ce3dc3d63511e2a484dc,1.60988E+12,1.60988E+12
TRUE,consumer,Email,WI,5ff4ce33c3d63511e2a484b6,1.60988E+12,1.60988E+12
TRUE,consumer,Email,WI,5ff4ce3dc3d63511e2a484dc,1.60988E+12,1.60988E+12
TRUE,consumer,Email,WI,5ff4ce33c3d63511e2a484b6,1.60988E+12,1.60988E+12
TRUE,consumer,Email,WI,5ff47392c3d63511e2a47881,1.60986E+12,1.60986E+12
TRUE,consumer,Email,WI,5ff4ce3dc3d63511e2a484dc,1.60988E+12,1.60988E+12
TRUE,consumer,Email,WI,5ff4ce3dc3d63511e2a484dc,1.60988E+12,1.60988E+12
TRUE,consumer,Email,WI,5ff4ce33c3d63511e2a484b6,1.60988E+12,1.60988E+12
TRUE,consumer,Email,WI,5ff4ce34c3d63511e2a484ba,1.60988E+12,1.60988E+12
TRUE,consumer,Email,WI,5ff4ce33c3d63511e2a484b6,1.60988E+12,1.60988E+12
TRUE,consumer,Email,WI,5ff4ce33c3d63511e2a484b6,1.60988E+12,1.60988E+12
TRUE,consumer,Email,WI,5ff4ce3ac1e2d0121a9b2fb3,1.60988E+12,1.60988E+12
TRUE,consumer,Email,WI,5ff47392c3d63511e2a47881,1.60986E+12,1.60986E+12
TRUE,consumer,Email,WI,5ff5d15aeb7c7d12096d91a2,1.60995E+12,1.60995E+12
TRUE,consumer,Email,WI,5ff5d15aeb7c7d12096d91a2,1.60995E+12,1.60995E+12
TRUE,consumer,Email,WI,5ff5d15aeb7c7d12096d91a2,1.60995E+12,1.60995E+12
TRUE,consumer,Email,WI,5ff5d15aeb7c7d12096d91a2,1.60995E+12,1.60995E+12
TRUE,consumer,Email,WI,5ff5d15aeb7c7d12096d91a2,1.60995E+12,1.60995E+12
TRUE,consumer,Email,WI,5ff5d15aeb7c7d12096d91a2,1.60995E+12,1.60995E+12
TRUE,consumer,Email,WI,5ff5d1a38f142f11dd1886ba,1.60995E+12,1.60995E+12
TRUE,consumer,Email,WI,5ff5d15aeb7c7d12096d91a2,1.60995E+12,1.60995E+12
TRUE,consumer,Email,WI,5ff5d15aeb7c7d12096d91a2,1.60995E+12,1.60995E+12
TRUE,consumer,Email,WI,5ff5d15aeb7c7d12096d91a2,1.60995E+12,1.60995E+12
TRUE,consumer,Email,WI,5ff5d15aeb7c7d12096d91a2,1.60995E+12,1.60995E+12
TRUE,consumer,Email,WI,5ff5d15aeb7c7d12096d91a2,1.60995E+12,1.60995E+12
TRUE,consumer,Email,WI,5ff5d15aeb7c7d12096d91a2,1.60995E+12,1.60995E+12
TRUE,consumer,Email,WI,5ff5d15aeb7c7d12096d91a2,1.60995E+12,1.60995E+12
TRUE,consumer,Email,WI,5ff5d15aeb7c7d12096d91a2,1.60995E+12,1.60995E+12
TRUE,consumer,Email,WI,5ff5d15aeb7c7d12096d91a2,1.60995E+12,1.60995E+12
TRUE,consumer,Email,WI,5ff5d1d08f142f11dd18884c,1.60995E+12,1.60995E+12
TRUE,consumer,Email,WI,5ff5d15aeb7c7d12096d91a2,1.60995E+12,1.60995E+12
TRUE,consumer,Email,WI,5ff5d15aeb7c7d12096d91a2,1.60995E+12,1.60995E+12
TRUE,consumer,Email,WI,5ff5d15aeb7c7d12096d91a2,1.60995E+12,1.60995E+12
TRUE,consumer,Email,WI,5ff7264e8f142f11dd189504,1.61003E+12,1.61003E+12
TRUE,consumer,Email,WI,5ff7401ceb7c7d31ca8a46e0,1.61004E+12,1.61004E+12
TRUE,consumer,Email,WI,5ff73bea8f142f3276c3e84a,1.61004E+12,1.61004E+12
TRUE,consumer,Email,WI,5ff74f3db3348b11c93361d1,1.61004E+12,1.61004E+12
TRUE,consumer,Email,WI,5ff7264e8f142f11dd189504,1.61003E+12,1.61003E+12
TRUE,consumer,Email,WI,5ff73b90eb7c7d31ca8a452b,1.61004E+12,1.61004E+12
TRUE,consumer,Email,WI,5ff7930fb3348b11c93372a6,1.61006E+12,1.61006E+12
TRUE,consumer,Email,WI,5ff7268eeb7c7d12096da2a9,1.61003E+12,1.61003E+12
TRUE,consumer,Email,WI,5ff7268eeb7c7d12096da2a9,1.61003E+12,1.61003E+12
TRUE,consumer,Email,WI,5ff7264e8f142f11dd189504,1.61003E+12,1.61003E+12
TRUE,consumer,Email,WI,5ff7930fb3348b11c93372a6,1.61006E+12,1.61006E+12
TRUE,consumer,Email,WI,5ff726a0eb7c7d12096da2db,1.61003E+12,1.61003E+12
TRUE,consumer,Email,WI,5ff793dd04929111f6e90c69,1.61006E+12,1.61006E+12
TRUE,consumer,Email,WI,5ff7949eb3348b11c93373d2,1.61006E+12,1.61006E+12
TRUE,consumer,Email,WI,5ff7268c8f142f11dd189579,1.61003E+12,1.61003E+12
TRUE,consumer,Email,WI,5ff73b90eb7c7d31ca8a452b,1.61004E+12,1.61004E+12
TRUE,consumer,Email,WI,5ff7264e8f142f11dd189504,1.61003E+12,1.61003E+12
TRUE,consumer,Email,KY,5ff616a68f142f11dd189163,1.60996E+12,
TRUE,consumer,Email,WI,5ff7930fb3348b11c93372a6,1.61006E+12,1.61006E+12
TRUE,consumer,Email,WI,5ff79464b3348b11c933738b,1.61006E+12,1.61006E+12
TRUE,consumer,Email,WI,5ff8c241b3348b11c93379fc,1.61014E+12,1.61014E+12
TRUE,consumer,Email,WI,5ff8ce8504929111f6e913cb,1.61014E+12,1.61014E+12
TRUE,consumer,Email,WI,5ff8ce8504929111f6e913cb,1.61014E+12,1.61014E+12
TRUE,consumer,Email,WI,5ff873d1b3348b11c9337716,1.61012E+12,1.61012E+12
TRUE,consumer,Email,WI,5ff873ef04929111f6e910f0,1.61012E+12,1.61012E+12
TRUE,consumer,Email,WI,5ff8c4e8b3348b11c9337a11,1.61014E+12,1.61014E+12
TRUE,consumer,Email,WI,5ff873d1b3348b11c9337716,1.61012E+12,1.61012E+12
TRUE,consumer,Email,WI,5ff8da28b3348b11c9337ac6,1.61014E+12,1.61014E+12
TRUE,consumer,Email,WI,5ff8da7db3348b11c9337b6a,1.61014E+12,1.61014E+12
TRUE,consumer,Email,WI,5ff873ddb3348b11c9337733,1.61012E+12,1.61012E+12
TRUE,consumer,Email,WI,5ff8a11db3348b11c93378aa,1.61013E+12,1.61013E+12
TRUE,consumer,Email,WI,5ff873d1b3348b11c9337716,1.61012E+12,1.61012E+12
TRUE,consumer,Email,WI,5ff873d1b3348b11c9337716,1.61012E+12,1.61012E+12
TRUE,consumer,Email,WI,5ff873d1b3348b11c9337716,1.61012E+12,1.61012E+12
TRUE,consumer,Email,WI,5ff8ce8504929111f6e913cb,1.61014E+12,1.61014E+12
TRUE,consumer,Email,WI,5ff8d634b3348b11c9337aa4,1.61014E+12,1.61014E+12
TRUE,consumer,Email,WI,5ff8da28b3348b11c9337ac6,1.61014E+12,1.61014E+12
TRUE,consumer,Email,WI,5ff8c330b3348b11c9337a04,1.61014E+12,1.61014E+12
TRUE,consumer,Email,WI,5ff873ddb3348b11c9337733,1.61012E+12,1.61012E+12
TRUE,consumer,Email,WI,5ff8da7eb3348b11c9337b72,1.61014E+12,1.61014E+12
TRUE,consumer,Email,WI,5ffcb47d04929111f6e9256c,1.6104E+12,1.6104E+12
TRUE,consumer,Email,WI,5ffc8ff9b3348b11c9338896,1.61039E+12,1.61039E+12
TRUE,consumer,Email,WI,5ffc8f9704929111f6e922bf,1.61039E+12,1.61039E+12
TRUE,consumer,Email,WI,5ffc9001b3348b11c93388b6,1.61039E+12,1.61039E+12
TRUE,consumer,Email,WI,5ffc8ff9b3348b11c9338896,1.61039E+12,1.61039E+12
TRUE,consumer,Email,WI,5ffc8f9704929111f6e922bf,1.61039E+12,1.61039E+12
TRUE,consumer,Email,WI,5ffc8f9704929111f6e922bf,1.61039E+12,1.61039E+12
TRUE,consumer,Email,WI,5ffc8ff9b3348b11c9338896,1.61039E+12,1.61039E+12
TRUE,consumer,Email,WI,5ffc8ff9b3348b11c9338896,1.61039E+12,1.61039E+12
TRUE,consumer,Email,WI,5ffcb4bc04929111f6e92608,1.6104E+12,1.6104E+12
TRUE,consumer,Email,WI,5ffc9d87b3348b11c9338920,1.61039E+12,1.61039E+12
TRUE,consumer,Email,WI,5ffc8f9704929111f6e922bf,1.61039E+12,1.61039E+12
TRUE,consumer,Email,WI,5ffc9d87b3348b11c9338920,1.61039E+12,1.61039E+12
TRUE,consumer,Email,WI,5ffcb47d04929111f6e9256c,1.6104E+12,1.6104E+12
TRUE,consumer,Email,WI,5ffc9d87b3348b11c9338920,1.61039E+12,1.61039E+12
TRUE,consumer,Email,WI,5ffc8f9704929111f6e922bf,1.61039E+12,1.61039E+12
TRUE,consumer,Email,WI,5ffcb4bc04929111f6e92608,1.6104E+12,1.6104E+12
TRUE,consumer,Email,WI,5ffc8f9704929111f6e922bf,1.61039E+12,1.61039E+12
TRUE,consumer,Email,WI,5ffc9d9f04929111f6e92456,1.61039E+12,1.61039E+12
TRUE,consumer,Email,WI,5ffca30604929111f6e92525,1.61039E+12,1.61039E+12
TRUE,consumer,Email,WI,5fff0f9804929101d0ab0697,1.61055E+12,1.61055E+12
TRUE,consumer,Email,WI,5fff0f4fb3348b03eb45abb0,1.61055E+12,1.61055E+12
TRUE,consumer,Email,WI,5fff4beedf9ace121f0c17ea,1.61057E+12,1.61057E+12
TRUE,consumer,Email,AL,5ffe115404929101d0aaebb2,1.61049E+12,
TRUE,consumer,Email,WI,5fff55dabd4dff11dda8f5f1,1.61057E+12,1.61057E+12
TRUE,consumer,Email,WI,5fff0f4fb3348b03eb45abb0,1.61055E+12,1.61055E+12
TRUE,consumer,Email,WI,5fff55dabd4dff11dda8f5f1,1.61057E+12,1.61057E+12
TRUE,consumer,Email,WI,5fff4beedf9ace121f0c17ea,1.61057E+12,1.61057E+12
TRUE,consumer,Email,AL,5ffe115404929101d0aaebb2,1.61049E+12,
TRUE,consumer,Email,WI,5fff26bab3348b03eb45bb22,1.61056E+12,1.61056E+12
TRUE,consumer,Email,WI,5fff55dabd4dff11dda8f5f1,1.61057E+12,1.61057E+12
TRUE,consumer,Email,WI,5fff0f4fb3348b03eb45abb0,1.61055E+12,1.61055E+12
TRUE,consumer,Email,WI,5fff55dabd4dff11dda8f5f1,1.61057E+12,1.61057E+12
TRUE,consumer,Email,WI,5fff55dabd4dff11dda8f5f1,1.61057E+12,1.61057E+12
TRUE,consumer,Email,WI,5fff4c7461ffa811fdb0854c,1.61057E+12,1.61057E+12
TRUE,consumer,Email,WI,5fff26bfb3348b03eb45bb32,1.61056E+12,1.61056E+12
TRUE,consumer,Email,WI,5fff55dabd4dff11dda8f5f1,1.61057E+12,1.61057E+12
TRUE,consumer,Email,WI,5fff0f4fb3348b03eb45abb0,1.61055E+12,1.61055E+12
TRUE,consumer,Email,WI,5fff26f2b3348b03eb45bbb9,1.61056E+12,1.61056E+12
TRUE,consumer,Email,WI,5fff55dabd4dff11dda8f5f1,1.61057E+12,1.61057E+12
TRUE,consumer,Email,WI,6000d4bae2571211db395b9f,1.61067E+12,1.61067E+12
TRUE,consumer,Email,WI,600056a3f7e5b011fce897b0,1.61063E+12,1.61064E+12
TRUE,consumer,Email,WI,600056a3f7e5b011fce897b0,1.61063E+12,1.61064E+12
TRUE,consumer,Email,WI,600056a3f7e5b011fce897b0,1.61063E+12,1.61064E+12
TRUE,consumer,Email,WI,6000d46cfb296c121a81b20c,1.61067E+12,1.61067E+12
TRUE,consumer,Email,WI,6000b7aefb296c121a8198b1,1.61066E+12,1.61066E+12
TRUE,consumer,Email,WI,60005709bd4dff11dda90ac1,1.61064E+12,1.61064E+12
TRUE,consumer,Email,WI,6000b7aefb296c121a8198b1,1.61066E+12,1.61066E+12
TRUE,consumer,Email,WI,600056a3f7e5b011fce897b0,1.61063E+12,1.61064E+12
TRUE,consumer,Email,WI,6000b7aefb296c121a8198b1,1.61066E+12,1.61066E+12
TRUE,consumer,Google,WI,5e27526d0bdb6a138c32b556,1.57964E+12,
TRUE,consumer,Email,WI,600056a3f7e5b011fce897b0,1.61063E+12,1.61064E+12
TRUE,consumer,Email,WI,6000d46cfb296c121a81b20c,1.61067E+12,1.61067E+12
TRUE,consumer,Email,WI,6000d4abe2571211db395b5c,1.61067E+12,1.61067E+12
TRUE,consumer,Email,WI,600056d6bd4dff11dda90a3f,1.61063E+12,1.61063E+12
TRUE,consumer,Email,WI,60005704bd4dff11dda90a9d,1.61064E+12,1.61064E+12
TRUE,consumer,Email,WI,600056a3f7e5b011fce897b0,1.61063E+12,1.61064E+12
TRUE,consumer,Email,WI,600056a3f7e5b011fce897b0,1.61063E+12,1.61064E+12
TRUE,consumer,Email,WI,600056a3f7e5b011fce897b0,1.61063E+12,1.61064E+12
TRUE,consumer,Email,WI,60005709bd4dff11dda90ac1,1.61064E+12,1.61064E+12
TRUE,consumer,Email,WI,6002475cfb296c121a81b98d,1.61076E+12,
TRUE,consumer,Email,WI,60024f24e257124ec6b99a13,1.61076E+12,
TRUE,consumer,Email,WI,60037329e257124ec6b99eeb,1.61084E+12,
TRUE,consumer,Email,AL,6000b75bbe5fc96dfee1d4d3,1.61066E+12,
TRUE,consumer,Email,WI,6002541ae257124ec6b99a3a,1.61077E+12,
TRUE,consumer,Email,AL,6000b75bbe5fc96dfee1d4d3,1.61066E+12,
TRUE,consumer,Email,WI,600258dafb296c4ef805d9b7,1.61077E+12,
TRUE,consumer,Email,WI,60025c65fb296c4ef805d9e6,1.61077E+12,
TRUE,consumer,Email,WI,60037005e257124ec6b99ec2,1.61084E+12,
TRUE,consumer,Email,WI,60025c65fb296c4ef805d9e6,1.61077E+12,
TRUE,consumer,Email,AL,6000b75bbe5fc96dfee1d4d3,1.61066E+12,
TRUE,consumer,Email,AL,6000b75bbe5fc96dfee1d4d3,1.61066E+12,
TRUE,consumer,Email,WI,60025c65fb296c4ef805d9e6,1.61077E+12,
TRUE,consumer,Email,AL,6000b75bbe5fc96dfee1d4d3,1.61066E+12,
TRUE,consumer,Email,AL,6000b75bbe5fc96dfee1d4d3,1.61066E+12,
TRUE,consumer,Email,CO,60023de5fb296c121a81b955,1.61076E+12,
TRUE,consumer,Email,WI,6002541ae257124ec6b99a3a,1.61077E+12,
TRUE,consumer,Email,WI,60049cdce257124ec6b9a353,1.61092E+12,
TRUE,consumer,Email,WI,60025fe0e257124ec6b99a87,1.61077E+12,
TRUE,consumer,Email,WI,600498c4e257124ec6b9a331,1.61091E+12,
TRUE,consumer,Email,WI,6004a5d3fb296c4ef805e256,1.61092E+12,
TRUE,consumer,Email,WI,60037a94fb296c4ef805ddbe,1.61084E+12,
TRUE,consumer,Email,WI,600495c3fb296c4ef805e1fc,1.61091E+12,
TRUE,consumer,Email,WI,6004a965e257124ec6b9a39f,1.61092E+12,
TRUE,consumer,Email,WI,6007464b6e64691717e8c1f0,1.61109E+12,1.61109E+12
TRUE,consumer,Email,WI,6007464b6e64691717e8c1f0,1.61109E+12,1.61109E+12
TRUE,consumer,Email,WI,600741d06e6469120a787853,1.61109E+12,1.61109E+12
TRUE,consumer,Email,WI,600748196e64691717e8d4f0,1.61109E+12,1.61109E+12
TRUE,consumer,Email,WI,600746fd6e64691717e8cfb5,1.61109E+12,1.61109E+12
TRUE,consumer,Email,WI,60074b49325c8a1794623876,1.61109E+12,1.61109E+12
TRUE,consumer,Email,WI,60074b49325c8a1794623876,1.61109E+12,1.61109E+12
TRUE,consumer,Email,WI,60074b996e64691717e8f11a,1.61109E+12,1.61109E+12
TRUE,consumer,Email,WI,600748196e64691717e8d4f0,1.61109E+12,1.61109E+12
TRUE,consumer,Email,WI,600741d06e6469120a787853,1.61109E+12,1.61109E+12
TRUE,consumer,Email,WI,600741d06e6469120a787853,1.61109E+12,1.61109E+12
TRUE,consumer,Email,WI,600741d06e6469120a787853,1.61109E+12,1.61109E+12
TRUE,consumer,Email,WI,600741d06e6469120a787853,1.61109E+12,1.61109E+12
TRUE,consumer,Email,WI,600748196e64691717e8d4f0,1.61109E+12,1.61109E+12
TRUE,consumer,Email,WI,600741d06e6469120a787853,1.61109E+12,1.61109E+12
TRUE,consumer,Email,WI,6007464b6e64691717e8c1f0,1.61109E+12,1.61109E+12
TRUE,consumer,Email,WI,600748196e64691717e8d4f0,1.61109E+12,1.61109E+12
TRUE,consumer,Email,WI,60074246325c8a12289e22a0,1.61109E+12,1.61109E+12
TRUE,consumer,Email,WI,60074883325c8a1794622a12,1.61109E+12,1.61109E+12
TRUE,consumer,Email,AL,6006f786fb296c7f688530f8,1.61107E+12,
TRUE,consumer,Email,WI,60088d55633aab121bb8e41a,1.61117E+12,1.61117E+12
TRUE,consumer,Email,WI,6008893b633aab121bb8e0a9,1.61117E+12,1.61117E+12
TRUE,consumer,Email,WI,6008893b633aab121bb8e0a9,1.61117E+12,1.61117E+12
TRUE,consumer,Email,WI,60083a1e325c8a17946255de,1.61115E+12,1.61115E+12
TRUE,consumer,Email,WI,6008896c633aab121bb8e11d,1.61117E+12,
TRUE,consumer,Email,WI,60086a09b6310511daa4e1e9,1.61116E+12,1.61116E+12
TRUE,consumer,Email,WI,60088d55633aab121bb8e41a,1.61117E+12,1.61117E+12
TRUE,consumer,Email,WI,60088e5d633aab121bb8e5cf,1.61117E+12,1.61117E+12
TRUE,consumer,Email,WI,60085b3dbe5fc90ee6a67b11,1.61116E+12,1.61116E+12
TRUE,consumer,Email,WI,60088e44b6310511daa4ef80,1.61117E+12,1.61117E+12
TRUE,consumer,Email,WI,6008893b633aab121bb8e0a9,1.61117E+12,1.61117E+12
TRUE,consumer,Email,WI,6008893b633aab121bb8e0a9,1.61117E+12,1.61117E+12
TRUE,consumer,Email,WI,60088d84633aab121bb8e4a6,1.61117E+12,1.61117E+12
TRUE,consumer,Email,WI,6008873eb6310511daa4e8eb,1.61117E+12,1.61117E+12
TRUE,consumer,Email,WI,60086978633aab121bb8c895,1.61116E+12,1.61116E+12
TRUE,consumer,Email,WI,60088a25b6310511daa4ec42,1.61117E+12,1.61117E+12
FALSE,consumer,Email,WI,6008622ebe5fc9247bab4eb9,1.61116E+12,1.61116E+12
TRUE,consumer,Email,WI,6008893b633aab121bb8e0a9,1.61117E+12,1.61117E+12
TRUE,consumer,Email,WI,6008897ab6310511daa4ebdc,1.61117E+12,1.61117E+12
TRUE,consumer,Email,WI,60088a46b6310511daa4ec97,1.61117E+12,1.61117E+12
TRUE,consumer,Email,WI,600987d77d983a11f63cfa92,1.61124E+12,1.61124E+12
TRUE,consumer,Email,WI,600987d77d983a11f63cfa92,1.61124E+12,1.61124E+12
TRUE,consumer,Email,WI,600987d77d983a11f63cfa92,1.61124E+12,1.61124E+12
TRUE,consumer,Email,IL,6008f02fb6310511daa4f314,1.6112E+12,
TRUE,consumer,Email,WI,600988557d983a11f63d08ef,1.61124E+12,1.61124E+12
TRUE,consumer,Email,WI,6009885c50b33111fd61eee9,1.61124E+12,1.61124E+12
TRUE,consumer,Email,WI,600987d77d983a11f63cfa92,1.61124E+12,1.61124E+12
TRUE,consumer,Email,WI,6009e60450b3311194385009,1.61126E+12,
TRUE,consumer,Email,WI,6009e60450b3311194385009,1.61126E+12,
TRUE,consumer,Email,WI,6008d447b6310511daa4f281,1.61119E+12,
TRUE,consumer,Email,WI,6009e60450b3311194385009,1.61126E+12,
TRUE,consumer,Email,WI,600987d77d983a11f63cfa92,1.61124E+12,1.61124E+12
TRUE,consumer,Email,WI,60099c1450b33111fd61f702,1.61124E+12,
TRUE,consumer,Email,WI,600987d77d983a11f63cfa92,1.61124E+12,1.61124E+12
TRUE,consumer,Email,IL,6008e9cdb6310511daa4f2e4,1.6112E+12,
TRUE,consumer,Email,WI,600987d77d983a11f63cfa92,1.61124E+12,1.61124E+12
TRUE,consumer,Email,WI,600a03e17d983a124e9adb0f,1.61127E+12,
TRUE,consumer,Email,WI,600987d77d983a11f63cfa92,1.61124E+12,1.61124E+12
TRUE,consumer,Email,WI,600987d77d983a11f63cfa92,1.61124E+12,1.61124E+12
TRUE,consumer,Email,WI,600992d17d983a11f63d11ad,1.61124E+12,
TRUE,consumer,Email,WI,600b477e7d983a124e9ae061,1.61135E+12,
TRUE,consumer,Email,WI,600f008f4329897eac237bd8,1.6116E+12,1.6116E+12
TRUE,consumer,Email,WI,600f008f4329897eac237bd8,1.6116E+12,1.6116E+12
TRUE,consumer,Email,WI,600f008f4329897eac237bd8,1.6116E+12,1.6116E+12
TRUE,consumer,Email,WI,600ed4815edb7811cde6b50b,1.61158E+12,1.61158E+12
TRUE,consumer,Email,WI,600f008f4329897eac237bd8,1.6116E+12,1.6116E+12
TRUE,consumer,Email,WI,600f41b2bd196811e68ea219,1.61161E+12,1.61161E+12
TRUE,consumer,Email,WI,600f20c15edb787dce060911,1.6116E+12,
TRUE,consumer,Email,WI,600f47f06fd0dc1768a34a12,1.61161E+12,1.61161E+12
TRUE,consumer,Email,WI,600ed42e43298911ce45d1fa,1.61158E+12,1.61158E+12
TRUE,consumer,Email,WI,600ed42e43298911ce45d1fa,1.61158E+12,1.61158E+12
TRUE,consumer,Email,WI,600f41b2bd196811e68ea219,1.61161E+12,1.61161E+12
TRUE,consumer,Email,WI,600ed42e43298911ce45d1fa,1.61158E+12,1.61158E+12
TRUE,consumer,Email,WI,600f008f4329897eac237bd8,1.6116E+12,1.6116E+12
TRUE,consumer,Email,WI,600f008f4329897eac237bd8,1.6116E+12,1.6116E+12
TRUE,consumer,Email,WI,600eea525edb7811cde6c81c,1.61159E+12,
TRUE,consumer,Email,WI,600f008f4329897eac237bd8,1.6116E+12,1.6116E+12
TRUE,consumer,Email,WI,600ed48a5edb7811cde6b549,1.61158E+12,1.61158E+12
TRUE,consumer,Email,WI,600f47f06fd0dc1768a34a12,1.61161E+12,1.61161E+12
TRUE,consumer,Email,WI,600f47f06fd0dc1768a34a12,1.61161E+12,1.61161E+12
TRUE,consumer,Email,WI,600ed42e43298911ce45d1fa,1.61158E+12,1.61158E+12
TRUE,consumer,Email,WI,600fb1ac73c60b12049027bb,1.61164E+12,1.61164E+12
TRUE,consumer,Email,WI,600fb1ac73c60b12049027bb,1.61164E+12,1.61164E+12
TRUE,consumer,Email,WI,600fb1ac73c60b12049027bb,1.61164E+12,1.61164E+12
TRUE,consumer,Email,WI,600fb1ac73c60b12049027bb,1.61164E+12,1.61164E+12
TRUE,consumer,Email,WI,600fb1ac73c60b12049027bb,1.61164E+12,1.61164E+12
TRUE,consumer,Email,WI,600fb1ec73c60b1204902af4,1.61164E+12,1.61164E+12
TRUE,consumer,Email,WI,600fb1ac73c60b12049027bb,1.61164E+12,1.61164E+12
TRUE,consumer,Email,WI,600fb1ac73c60b12049027bb,1.61164E+12,1.61164E+12
TRUE,consumer,Email,WI,600fb1ac73c60b12049027bb,1.61164E+12,1.61164E+12
TRUE,consumer,Email,WI,600fb1ac73c60b12049027bb,1.61164E+12,1.61164E+12
TRUE,consumer,Email,WI,600fb1ac73c60b12049027bb,1.61164E+12,1.61164E+12
TRUE,consumer,Email,WI,600fb1ac73c60b12049027bb,1.61164E+12,1.61164E+12
TRUE,consumer,Email,WI,600fb1e4a4b74c120bd18777,1.61164E+12,1.61164E+12
TRUE,consumer,Email,WI,600fb1ac73c60b12049027bb,1.61164E+12,1.61164E+12
TRUE,consumer,Email,WI,600fb1ac73c60b12049027bb,1.61164E+12,1.61164E+12
TRUE,consumer,Email,WI,600fb1ac73c60b12049027bb,1.61164E+12,1.61164E+12
TRUE,consumer,Email,WI,600fb1ac73c60b12049027bb,1.61164E+12,1.61164E+12
TRUE,consumer,Email,WI,600fb1ac73c60b12049027bb,1.61164E+12,1.61164E+12
TRUE,consumer,Email,WI,6011f33173c60b1804ce1102,1.61179E+12,1.61179E+12
TRUE,consumer,Email,WI,6011f43ba4b74c18d3a8ca01,1.61179E+12,1.61179E+12
TRUE,consumer,Email,WI,6011f31ea4b74c18d3a8c476,1.61179E+12,1.61179E+12
TRUE,consumer,Email,WI,6011f31ea4b74c18d3a8c476,1.61179E+12,1.61179E+12
TRUE,consumer,Email,WI,6011f31ea4b74c18d3a8c476,1.61179E+12,1.61179E+12
TRUE,consumer,Email,WI,6011f42773c60b1804ce1607,1.61179E+12,1.61179E+12
TRUE,consumer,Email,WI,60118bcfa4b74c18d3a8c0d7,1.61176E+12,1.61176E+12
TRUE,consumer,Email,WI,6010be65a4b74c120bd19edc,1.61171E+12,1.61171E+12
TRUE,consumer,Email,WI,6010bddaa4b74c120bd19dfb,1.61171E+12,1.61171E+12
TRUE,consumer,Email,WI,60118c0fa4b74c18d3a8c151,1.61176E+12,1.61176E+12
TRUE,consumer,Email,WI,6011f33173c60b1804ce1102,1.61179E+12,1.61179E+12
TRUE,consumer,Email,WI,6010bddaa4b74c120bd19dfb,1.61171E+12,1.61171E+12
TRUE,consumer,Email,WI,6011f33173c60b1804ce1102,1.61179E+12,1.61179E+12
TRUE,consumer,Email,WI,60118bcfa4b74c18d3a8c0d7,1.61176E+12,1.61176E+12
TRUE,consumer,Email,WI,6010bddaa4b74c120bd19dfb,1.61171E+12,1.61171E+12
TRUE,consumer,Email,WI,60118bcfa4b74c18d3a8c0d7,1.61176E+12,1.61176E+12
TRUE,consumer,Email,WI,6011f31ea4b74c18d3a8c476,1.61179E+12,1.61179E+12
TRUE,consumer,Email,WI,6010be6673c60b12049040ef,1.61171E+12,1.61171E+12
TRUE,consumer,Email,WI,6011f33173c60b1804ce1102,1.61179E+12,1.61179E+12
TRUE,consumer,Email,WI,6010be6173c60b12049040d7,1.61171E+12,1.61171E+12
TRUE,consumer,Email,WI,60132acb73c60b3ca7f3ba32,1.61187E+12,1.61187E+12
TRUE,consumer,Email,WI,60132acb73c60b3ca7f3ba32,1.61187E+12,1.61187E+12
TRUE,consumer,Email,WI,600f00d05edb787dce05fb84,1.6116E+12,
TRUE,consumer,Email,WI,60132acb73c60b3ca7f3ba32,1.61187E+12,1.61187E+12
TRUE,consumer,Email,WI,600f00d05edb787dce05fb84,1.6116E+12,
TRUE,consumer,Email,WI,60132b85a4b74c3cbc516295,1.61187E+12,1.61187E+12
TRUE,consumer,Email,WI,60132b8b73c60b3ca7f3baee,1.61187E+12,1.61187E+12
TRUE,consumer,Email,WI,600f19914329897eac238fef,1.6116E+12,
TRUE,consumer,Email,WI,6014558767804a1228b20d00,1.61195E+12,1.61195E+12
TRUE,consumer,Email,WI,601465c567804a1228b20f89,1.61195E+12,1.61195E+12
TRUE,consumer,Email,WI,60145a3c84231211ce796c5d,1.61195E+12,1.61195E+12
TRUE,consumer,Email,WI,6014499c67804a1228b1f5b0,1.61194E+12,1.61194E+12
TRUE,consumer,Email,WI,600f35015edb782098e2ac1b,1.61161E+12,
TRUE,consumer,Email,WI,60147001c8b50e11d8453c36,1.61195E+12,1.61195E+12
TRUE,consumer,Email,WI,60145a5584231211ce796cac,1.61195E+12,1.61195E+12
TRUE,consumer,Email,WI,6014558767804a1228b20d00,1.61195E+12,1.61195E+12
TRUE,consumer,Email,WI,6014319173c60b3ca7f3bf01,1.61194E+12,1.61194E+12
TRUE,consumer,Email,WI,6014558467804a1228b20cf0,1.61195E+12,1.61195E+12
TRUE,consumer,Email,WI,6014485b84231211ce793d79,1.61194E+12,1.61194E+12
TRUE,consumer,Email,WI,601431c173c60b3ca7f3bf63,1.61194E+12,1.61194E+12
TRUE,consumer,Email,WI,601465a884231211ce796db3,1.61195E+12,1.61195E+12
TRUE,consumer,Email,,60145ff384231211ce796d51,1.61195E+12,
TRUE,consumer,Email,WI,60146f2ac8b50e11d8452661,1.61195E+12,1.61195E+12
TRUE,consumer,Email,WI,60145a3c84231211ce796c5d,1.61195E+12,1.61195E+12
TRUE,consumer,Email,WI,6014658e67804a1228b20ef4,1.61195E+12,1.61195E+12
TRUE,consumer,Email,WI,601442ce67804a1228b1dc41,1.61194E+12,1.61194E+12
TRUE,consumer,Email,WI,601465a584231211ce796da5,1.61195E+12,1.61195E+12
TRUE,consumer,Email,,60145ff384231211ce796d51,1.61195E+12,
TRUE,consumer,Email,OH,60147d2ac8b50e11d8453f53,1.61196E+12,
TRUE,consumer,Email,OH,60147d2ac8b50e11d8453f53,1.61196E+12,
TRUE,consumer,Email,WI,601890a99a1b091205b61ced,1.61222E+12,1.61222E+12
TRUE,consumer,Email,WI,60183090c8b50e11d84549c0,1.6122E+12,1.6122E+12
TRUE,consumer,Email,WI,60183090c8b50e11d84549c0,1.6122E+12,1.6122E+12
TRUE,consumer,Email,OH,60147d2ac8b50e11d8453f53,1.61196E+12,
TRUE,consumer,Email,WI,60182f4ac8b50e11d8454946,1.6122E+12,1.6122E+12
TRUE,consumer,Email,WI,60182d6dc8b50e11d84547b2,1.6122E+12,1.6122E+12
TRUE,consumer,Email,OH,60147d2ac8b50e11d8453f53,1.61196E+12,
TRUE,consumer,Email,WI,60183c579a1b091205b61a5f,1.6122E+12,1.6122E+12
TRUE,consumer,Email,OH,60147d2ac8b50e11d8453f53,1.61196E+12,
TRUE,consumer,Email,WI,60189c94c8b50e11d8454f6b,1.61223E+12,1.61223E+12
TRUE,consumer,Email,WI,60189c74c8b50e11d8454eff,1.61223E+12,1.61223E+12
TRUE,consumer,Email,WI,60189c74c8b50e11d8454eff,1.61223E+12,1.61223E+12
TRUE,consumer,Email,WI,60189c94c8b50e11d8454f6b,1.61223E+12,1.61223E+12
TRUE,consumer,Email,WI,60189c74c8b50e11d8454eff,1.61223E+12,1.61223E+12
TRUE,consumer,Email,WI,60189c74c8b50e11d8454eff,1.61223E+12,1.61223E+12
TRUE,consumer,Email,WI,60189c88c8b50e11d8454f2f,1.61223E+12,1.61223E+12
TRUE,consumer,Email,WI,60189c74c8b50e11d8454eff,1.61223E+12,1.61223E+12
TRUE,consumer,Email,WI,60189c859a1b091205b61de1,1.61223E+12,1.61223E+12
TRUE,consumer,Email,WI,60189c74c8b50e11d8454eff,1.61223E+12,1.61223E+12
TRUE,consumer,Email,WI,60189c74c8b50e11d8454eff,1.61223E+12,1.61223E+12
TRUE,consumer,Email,WI,60189c94c8b50e11d8454f6b,1.61223E+12,1.61223E+12
TRUE,consumer,Email,WI,60189c94c8b50e11d8454f6b,1.61223E+12,1.61223E+12
TRUE,consumer,Email,,60186237c8b50e11d8454d5f,1.61221E+12,
TRUE,consumer,Email,,60186237c8b50e11d8454d5f,1.61221E+12,
TRUE,consumer,Email,WI,601ac1da591789121574dc07,1.61237E+12,1.61237E+12
TRUE,consumer,Email,,60186237c8b50e11d8454d5f,1.61221E+12,
TRUE,consumer,Email,SC,60183e6c9a1b091205b61b49,1.6122E+12,
TRUE,consumer,Email,WI,601ac195af4b1a1205f7560f,1.61237E+12,1.61237E+12
TRUE,consumer,Email,,60186237c8b50e11d8454d5f,1.61221E+12,
TRUE,consumer,Email,,60186237c8b50e11d8454d5f,1.61221E+12,
TRUE,consumer,Email,WI,601c6887969c0b11f7d0c81f,1.61247E+12,1.61247E+12
TRUE,consumer,Email,WI,601c68d229c30a1227ada484,1.61247E+12,1.61247E+12
TRUE,consumer,Email,WI,601c2c05969c0b11f7d0b097,1.61246E+12,1.61246E+12
TRUE,consumer,Email,WI,601c2c6a29c30a1227ad93bd,1.61246E+12,1.61246E+12
TRUE,consumer,Email,WI,601c2c05969c0b11f7d0b097,1.61246E+12,1.61246E+12
TRUE,consumer,,WI,55308179e4b0eabd8f99caa2,1.42924E+12,1.52571E+12
TRUE,consumer,Email,WI,60217fa799409b11fcf899fe,1.61281E+12,
TRUE,consumer,Email,WI,602176c9b57b8a12187fe77e,1.61281E+12,1.61281E+12
TRUE,consumer,Email,WI,602176a3b57b8a12187fe717,1.61281E+12,1.61281E+12
TRUE,consumer,Email,WI,6022998599409b11fcf89c53,1.61288E+12,1.61288E+12
TRUE,consumer,Email,WI,60229990b57b8a12187fe9e0,1.61288E+12,1.61288E+12
TRUE,consumer,Email,WI,60229990b57b8a12187fe9e0,1.61288E+12,1.61288E+12
TRUE,fetch-staff,,WI,59c124bae4b0299e55b0f330,1.50583E+12,1.6128E+12
TRUE,fetch-staff,,WI,59c124bae4b0299e55b0f330,1.50583E+12,1.6128E+12
TRUE,fetch-staff,,WI,59c124bae4b0299e55b0f330,1.50583E+12,1.6128E+12
TRUE,fetch-staff,,WI,59c124bae4b0299e55b0f330,1.50583E+12,1.6128E+12
TRUE,fetch-staff,,WI,59c124bae4b0299e55b0f330,1.50583E+12,1.6128E+12
TRUE,fetch-staff,,WI,59c124bae4b0299e55b0f330,1.50583E+12,1.6128E+12
TRUE,fetch-staff,,WI,59c124bae4b0299e55b0f330,1.50583E+12,1.6128E+12
TRUE,fetch-staff,,WI,59c124bae4b0299e55b0f330,1.50583E+12,1.6128E+12
TRUE,fetch-staff,,WI,59c124bae4b0299e55b0f330,1.50583E+12,1.6128E+12
TRUE,consumer,Email,WI,6024399defa60112282c0ac9,1.61299E+12,1.61299E+12
TRUE,fetch-staff,,WI,59c124bae4b0299e55b0f330,1.50583E+12,1.6128E+12
TRUE,fetch-staff,,WI,59c124bae4b0299e55b0f330,1.50583E+12,1.6128E+12
TRUE,fetch-staff,,WI,59c124bae4b0299e55b0f330,1.50583E+12,1.6128E+12
TRUE,fetch-staff,Email,WI,5f2068904928021530f8fc34,1.59596E+12,1.61245E+12
TRUE,fetch-staff,,WI,59c124bae4b0299e55b0f330,1.50583E+12,1.6128E+12
TRUE,fetch-staff,,WI,59c124bae4b0299e55b0f330,1.50583E+12,1.6128E+12
TRUE,fetch-staff,,WI,59c124bae4b0299e55b0f330,1.50583E+12,1.6128E+12
TRUE,fetch-staff,,WI,59c124bae4b0299e55b0f330,1.50583E+12,1.6128E+12
TRUE,fetch-staff,,WI,59c124bae4b0299e55b0f330,1.50583E+12,1.6128E+12
TRUE,fetch-staff,,WI,59c124bae4b0299e55b0f330,1.50583E+12,1.6128E+12
TRUE,consumer,Email,WI,602558b1efa60114d20e5dc7,1.61306E+12,1.61306E+12
TRUE,consumer,Email,WI,602538adb54593795bf692ac,1.61305E+12,1.61305E+12
TRUE,consumer,Email,WI,60255883efa60114d20e5d4e,1.61306E+12,1.61306E+12
TRUE,consumer,Email,WI,602558adb5459313e1e9b7ce,1.61306E+12,1.61306E+12
TRUE,consumer,Email,WI,6025388fb54593795bf69234,1.61305E+12,1.61305E+12
TRUE,consumer,Google,AL,5fb0a078be5fc9775c1f3945,1.60541E+12,
TRUE,consumer,Email,WI,60268c7aefa6011bb1510786,1.61314E+12,1.61314E+12
TRUE,consumer,,,5a43c08fe4b014fd6b6a0612,1.51439E+12,1.61315E+12
TRUE,consumer,,,5a43c08fe4b014fd6b6a0612,1.51439E+12,1.61315E+12
TRUE,consumer,,,5a43c08fe4b014fd6b6a0612,1.51439E+12,1.61315E+12
TRUE,consumer,,,5a43c08fe4b014fd6b6a0612,1.51439E+12,1.61315E+12
TRUE,consumer,,,5a43c08fe4b014fd6b6a0612,1.51439E+12,1.61315E+12
TRUE,consumer,Email,WI,60268c69efa6011bb151075f,1.61314E+12,1.61314E+12
TRUE,consumer,,,5a43c08fe4b014fd6b6a0612,1.51439E+12,1.61315E+12
TRUE,consumer,Google,AL,5fb0a078be5fc9775c1f3945,1.60541E+12,
TRUE,consumer,,,5a43c08fe4b014fd6b6a0612,1.51439E+12,1.61315E+12
TRUE,consumer,,,5a43c08fe4b014fd6b6a0612,1.51439E+12,1.61315E+12
TRUE,fetch-staff,Email,,5fbc35711d967d1222cbfefc,1.60617E+12,1.61431E+12
TRUE,fetch-staff,Email,,5fbc35711d967d1222cbfefc,1.60617E+12,1.61431E+12
TRUE,fetch-staff,Email,,5fbc35711d967d1222cbfefc,1.60617E+12,1.61431E+12
TRUE,fetch-staff,Email,NH,5fc961c3b8cfca11a077dd33,1.60703E+12,1.61438E+12
TRUE,fetch-staff,Email,NH,5fc961c3b8cfca11a077dd33,1.60703E+12,1.61438E+12
TRUE,fetch-staff,Email,NH,5fc961c3b8cfca11a077dd33,1.60703E+12,1.61438E+12
TRUE,fetch-staff,Email,NH,5fc961c3b8cfca11a077dd33,1.60703E+12,1.61438E+12
TRUE,fetch-staff,Email,NH,5fc961c3b8cfca11a077dd33,1.60703E+12,1.61438E+12
TRUE,fetch-staff,Email,NH,5fc961c3b8cfca11a077dd33,1.60703E+12,1.61438E+12
TRUE,fetch-staff,Email,NH,5fc961c3b8cfca11a077dd33,1.60703E+12,1.61438E+12
TRUE,fetch-staff,Email,NH,5fc961c3b8cfca11a077dd33,1.60703E+12,1.61438E+12
TRUE,fetch-staff,Email,NH,5fc961c3b8cfca11a077dd33,1.60703E+12,1.61438E+12
TRUE,fetch-staff,Email,NH,5fc961c3b8cfca11a077dd33,1.60703E+12,1.61438E+12
TRUE,fetch-staff,Email,NH,5fc961c3b8cfca11a077dd33,1.60703E+12,1.61438E+12
TRUE,fetch-staff,Email,NH,5fc961c3b8cfca11a077dd33,1.60703E+12,1.61438E+12
TRUE,fetch-staff,Email,NH,5fc961c3b8cfca11a077dd33,1.60703E+12,1.61438E+12
TRUE,fetch-staff,Email,NH,5fc961c3b8cfca11a077dd33,1.60703E+12,1.61438E+12
TRUE,fetch-staff,Email,NH,5fc961c3b8cfca11a077dd33,1.60703E+12,1.61438E+12
TRUE,fetch-staff,Email,NH,5fc961c3b8cfca11a077dd33,1.60703E+12,1.61438E+12
TRUE,fetch-staff,Email,NH,5fc961c3b8cfca11a077dd33,1.60703E+12,1.61438E+12
TRUE,fetch-staff,Email,NH,5fc961c3b8cfca11a077dd33,1.60703E+12,1.61438E+12
TRUE,fetch-staff,Email,NH,5fc961c3b8cfca11a077dd33,1.60703E+12,1.61438E+12
TRUE,fetch-staff,Email,NH,5fc961c3b8cfca11a077dd33,1.60703E+12,1.61438E+12
TRUE,fetch-staff,Email,,5fa41775898c7a11a6bcef3e,1.60459E+12,1.61487E+12
TRUE,fetch-staff,Google,AL,5fa32b4d898c7a11a6bcebce,1.60453E+12,1.61484E+12
TRUE,fetch-staff,Email,,5fa41775898c7a11a6bcef3e,1.60459E+12,1.61487E+12
TRUE,fetch-staff,Email,,5fa41775898c7a11a6bcef3e,1.60459E+12,1.61487E+12
TRUE,fetch-staff,Email,,5fa41775898c7a11a6bcef3e,1.60459E+12,1.61487E+12
TRUE,fetch-staff,Email,,5fa41775898c7a11a6bcef3e,1.60459E+12,1.61487E+12
TRUE,fetch-staff,Email,,5fa41775898c7a11a6bcef3e,1.60459E+12,1.61487E+12
TRUE,fetch-staff,,IL,5964eb07e4b03efd0c0f267b,1.49979E+12,1.61488E+12
TRUE,fetch-staff,Email,,5fa41775898c7a11a6bcef3e,1.60459E+12,1.61487E+12
TRUE,fetch-staff,Email,,5fa41775898c7a11a6bcef3e,1.60459E+12,1.61487E+12
TRUE,fetch-staff,Email,,5fa41775898c7a11a6bcef3e,1.60459E+12,1.61487E+12
TRUE,fetch-staff,Email,,5fa41775898c7a11a6bcef3e,1.60459E+12,1.61487E+12
TRUE,fetch-staff,Email,,5fa41775898c7a11a6bcef3e,1.60459E+12,1.61487E+12
TRUE,fetch-staff,Email,,5fa41775898c7a11a6bcef3e,1.60459E+12,1.61487E+12
TRUE,fetch-staff,Email,,5fa41775898c7a11a6bcef3e,1.60459E+12,1.61487E+12
TRUE,fetch-staff,Email,,5fa41775898c7a11a6bcef3e,1.60459E+12,1.61487E+12
TRUE,fetch-staff,Email,,5fa41775898c7a11a6bcef3e,1.60459E+12,1.61487E+12
TRUE,fetch-staff,Email,,5fa41775898c7a11a6bcef3e,1.60459E+12,1.61487E+12
TRUE,fetch-staff,Email,,5fa41775898c7a11a6bcef3e,1.60459E+12,1.61487E+12
TRUE,fetch-staff,Email,,5fa41775898c7a11a6bcef3e,1.60459E+12,1.61487E+12
TRUE,fetch-staff,,,54943462e4b07e684157a532,1.419E+12,1.61496E+12
TRUE,fetch-staff,,,54943462e4b07e684157a532,1.419E+12,1.61496E+12
TRUE,fetch-staff,,,54943462e4b07e684157a532,1.419E+12,1.61496E+12
TRUE,fetch-staff,,,54943462e4b07e684157a532,1.419E+12,1.61496E+12
TRUE,fetch-staff,,,54943462e4b07e684157a532,1.419E+12,1.61496E+12
TRUE,fetch-staff,,,54943462e4b07e684157a532,1.419E+12,1.61496E+12
TRUE,fetch-staff,,,54943462e4b07e684157a532,1.419E+12,1.61496E+12
TRUE,fetch-staff,,,54943462e4b07e684157a532,1.419E+12,1.61496E+12
TRUE,fetch-staff,,,54943462e4b07e684157a532,1.419E+12,1.61496E+12
TRUE,fetch-staff,,,54943462e4b07e684157a532,1.419E+12,1.61496E+12
TRUE,fetch-staff,,,54943462e4b07e684157a532,1.419E+12,1.61496E+12
TRUE,fetch-staff,,,54943462e4b07e684157a532,1.419E+12,1.61496E+12
TRUE,fetch-staff,,,54943462e4b07e684157a532,1.419E+12,1.61496E+12
TRUE,fetch-staff,,,54943462e4b07e684157a532,1.419E+12,1.61496E+12
TRUE,fetch-staff,,,54943462e4b07e684157a532,1.419E+12,1.61496E+12
TRUE,fetch-staff,,,54943462e4b07e684157a532,1.419E+12,1.61496E+12
TRUE,fetch-staff,,,54943462e4b07e684157a532,1.419E+12,1.61496E+12
TRUE,fetch-staff,,,54943462e4b07e684157a532,1.419E+12,1.61496E+12
TRUE,fetch-staff,,,54943462e4b07e684157a532,1.419E+12,1.61496E+12
TRUE,fetch-staff,,,54943462e4b07e684157a532,1.419E+12,1.61496E+12
